{
  "SuspiciousExtensions": [
    ".exe",
    ".dll",
    ".dat",
    ".zip",
    ".rar",
    ".cfg",
    ".sys"
  ],
  "TargetSizes": {
    "383488": 0.002,
    "466944": 0.002,
    "501760": 0.002,
    "513802": 0.002,
    "919552": 0.002,
    "963584": 0.002,
    "986112": 0.002,
    "1101824": 0.002,
    "1105920": 0.002,
    "1130496": 0.002,
    "1132544": 0.002,
    "1135616": 0.002,
    "1167360": 0.002,
    "1175040": 0.002,
    "1196032": 0.002,
    "1257472": 0.002,
    "1646592": 0.002,
    "1657856": 0.002,
    "1676288": 0.002,
    "1729536": 0.002,
    "1831936": 0.002,
    "2044928": 0.002,
    "2087936": 0.002,
    "2140160": 0.002,
    "2534400": 0.002,
    "2539520": 0.002,
    "2973184": 0.002,
    "3493888": 0.002,
    "4419584": 0.002,
    "4729856": 0.002,
    "6595584": 0.002,
    "7028736": 0.002,
    "7297024": 0.002,
    "10887168": 0.002,
    "10952704": 0.002,
    "11014144": 0.002,
    "11290624": 0.002,
    "11370496": 0.002,
    "15239168": 0.002,
    "19513344": 0.002,
    "19667968": 0.05,
    "22523904": 0.05,
    "18802176": 0.05,
    "18804736": 0.05
  },
  "KnownCheatHashes": [
    "098f6bcd4621d373cade4e832627b4f6",
    "0da55caacc60b03473edac517d9c67bc",
    "0ad9319fa14d39c0812583337546ca20",
    "ea3870105debcf12565ba2f33b72aeed",
    "748b98378113dbe4db61cd7b6a35f82e",
    "665d53e52e79037d8370fc315b5bc2d4",
    "fa1d70a02e14e68b5c28cfc08935a33c",
    "0e77f7a8dcf697b3b2e605142595ca0d",
    "89728d1b8b41524b6f826c382bcbf999",
    "0353cb73d2849c516d4d3bebb5229a69",
    "ca4e42bd04c27977060b9dc269f040ab",
    "9b048ab51007aef380f0fd0f829dbc84",
    "4ab9d71ac6594a12c702eed770696b1e",
    "37976f0a10e421494336b335adb9ee6a",
    "9b5fd9a501f4ab5122b8f9249f08f976"
  ],
  "CriticalFolders": [
    "nix",
    "Nix",
    "NIX",
    "com.swiftsoft"
  ],
  "KnownCheatNames": [
    "INTERIUM",
    "Xone",
    "Midnight",
    "MUTINY",
    "VRedux",
    "ESPDX",
    "Neverlose",
    "Legendware",
    "nixware",
    "PhoenixHack",
    "OneByteRadar",
    "NAIM",
    "EZinjector",
    "Reborn",
    "OneByteWall",
    "Keter",
    "Annihilation",
    "Sapphire",
    "Osiris",
    "Multihack",
    "ExtrimHack",
    "Shark",
    "RHcheats",
    "FREEQN",
    "Aqua",
    "Pphud",
    "KlarWare",
    "Aimware",
    "Skeet",
    "gamesense",
    "Aurora",
    "SpirtHack",
    "Fatality",
    "OneTap",
    "ev0lve",
    "Demonside",
    "ExLoader",
    "freeqn",
    "CSGhost",
    "luno",
    "AIRFLOW",
    "Primordial",
    "Angelrose",
    "ClemExternal",
    "EzCS",
    "rawetrip",
    "interception",
    "EzGlobal",
    "Apasia_steam",
    "iLikeFeet",
    "Demotion",
    "Nullhooks",
    "Elysion",
    "BotLucky",
    "ProjectAspire",
    "Aimfuck",
    "Anyx",
    "Arbeitsamthook",
    "Crux",
    "Wenis",
    "Supreme",
    "Menthol",
    "Zenox",
    "iXternal",
    "leito",
    "Dispose",
    "BetterGo",
    "Reversive",
    "Astrox",
    "Monolith",
    "KAMIDERE",
    "ExtrimLoader",
    "Untery",
    "JesterEngine",
    "Solutions",
    "MadLoader",
    "AlisaAlis",
    "d1gital",
    "SelectFire",
    "Victoria",
    "Desolver",
    "Iniuria",
    "Doras",
    "Zapped",
    "NinjaWare",
    "RyzeXTR",
    "Sector",
    "Dork",
    "Maze",
    "Singlelady",
    "Terrority",
    "Mirium",
    "Hydrawebz",
    "OXIDE",
    "Azrah",
    "Alphen",
    "2324_CS2_Wh",
    "Kaban",
    "Euclid",
    "FECURITY",
    "Coaster",
    "SharkHack",
    "aimbot",
    "wallhack",
    "triggerbot",
    "bhop",
    "bunnyhop",
    "imgui.ini",
    "Rage.cfg"
  ],
  "SuspiciousKeywords": [
    "hack",
    "cheat",
    "\u0447\u0438\u0442",
    "inject",
    "injector",
    "loader",
    "meme"
  ],
  "SuspiciousProcessNames": [
    "injector",
    "loader",
    "cheat",
    "hack",
    "bypass",
    "exploiter"
  ],
  "FileNamePatterns": {
    "^[a-z0-9]{32}\\.exe$": "MemeSense",
    "^[a-z0-9]{11}\\.exe$": "Midnight",
    "^[A-Za-z0-9]{12}\\.exe$": "Nixware"
  },
  "PatternExtensions": [
    ".exe",
    ".dll"
  ]
}